revenu_median,revenu_moyen,revenu_ecart_type,nb_clients,depense_moyenne_totale
51373.0,51954.612392582545,21535.791745474406,2211,606.9579375848033
